{
	"Version": 3,
	"Parameters": [
		{
			"Id": "Param20",
			"GroupId": "ParamGroup5",
			"Name": "星星眼s"
		},
		{
			"Id": "Param19",
			"GroupId": "ParamGroup5",
			"Name": "星星眼z"
		},
		{
			"Id": "Param17",
			"GroupId": "ParamGroup5",
			"Name": "星星眼x"
		},
		{
			"Id": "Param18",
			"GroupId": "ParamGroup5",
			"Name": "星星眼y"
		},
		{
			"Id": "Param16",
			"GroupId": "ParamGroup5",
			"Name": "泪s"
		},
		{
			"Id": "Param15",
			"GroupId": "ParamGroup5",
			"Name": "泪z"
		},
		{
			"Id": "Param12",
			"GroupId": "ParamGroup5",
			"Name": "星星眼"
		},
		{
			"Id": "Param13",
			"GroupId": "ParamGroup5",
			"Name": "泪x"
		},
		{
			"Id": "Param14",
			"GroupId": "ParamGroup5",
			"Name": "泪y"
		},
		{
			"Id": "Param2",
			"GroupId": "ParamGroup5",
			"Name": "dd斩首"
		},
		{
			"Id": "Param11",
			"GroupId": "ParamGroup5",
			"Name": "泪"
		},
		{
			"Id": "ParamEyeLOpen",
			"GroupId": "ParamGroup4",
			"Name": "左眼　开闭"
		},
		{
			"Id": "ParamEyeROpen",
			"GroupId": "ParamGroup4",
			"Name": "右眼   开闭"
		},
		{
			"Id": "ParamEyeLSmile",
			"GroupId": "ParamGroup4",
			"Name": "左眼　微笑"
		},
		{
			"Id": "ParamEyeRSmile",
			"GroupId": "ParamGroup4",
			"Name": "右眼　微笑"
		},
		{
			"Id": "ParamAngleX1",
			"GroupId": "ParamGroup",
			"Name": "角度 X"
		},
		{
			"Id": "ParamAngleY1",
			"GroupId": "ParamGroup",
			"Name": "角度 Y"
		},
		{
			"Id": "ParamAngleZ",
			"GroupId": "ParamGroup",
			"Name": "角度 Z"
		},
		{
			"Id": "Param21",
			"GroupId": "ParamGroup",
			"Name": "size"
		},
		{
			"Id": "Param",
			"GroupId": "ParamGroup2",
			"Name": "dd斩首"
		},
		{
			"Id": "Param4",
			"GroupId": "ParamGroup2",
			"Name": "泪目"
		},
		{
			"Id": "Param5",
			"GroupId": "ParamGroup2",
			"Name": "星星眼"
		},
		{
			"Id": "ParamEyeBallX",
			"GroupId": "",
			"Name": "眼球 X"
		},
		{
			"Id": "ParamEyeBallY",
			"GroupId": "",
			"Name": "眼球 Y"
		},
		{
			"Id": "Param9",
			"GroupId": "",
			"Name": "眼球（左）"
		},
		{
			"Id": "Param10",
			"GroupId": "",
			"Name": "眼球（右）"
		},
		{
			"Id": "ParamBrowLY",
			"GroupId": "",
			"Name": "左眉上下"
		},
		{
			"Id": "ParamBrowRY",
			"GroupId": "",
			"Name": "右眉　上下"
		},
		{
			"Id": "ParamBrowLX",
			"GroupId": "",
			"Name": "左眉　左右"
		},
		{
			"Id": "ParamBrowRX",
			"GroupId": "",
			"Name": "右眉　左右"
		},
		{
			"Id": "ParamBrowLAngle",
			"GroupId": "",
			"Name": "左眉　角度"
		},
		{
			"Id": "ParamBrowRAngle",
			"GroupId": "",
			"Name": "右眉　角度"
		},
		{
			"Id": "ParamBrowLForm",
			"GroupId": "",
			"Name": "左眉　変形"
		},
		{
			"Id": "ParamBrowRForm",
			"GroupId": "",
			"Name": "右眉　変形"
		},
		{
			"Id": "ParamMouthForm",
			"GroupId": "",
			"Name": "嘴部　变形"
		},
		{
			"Id": "ParamMouthOpenY",
			"GroupId": "",
			"Name": "嘴巴　张开和闭合"
		},
		{
			"Id": "ParamCheek",
			"GroupId": "",
			"Name": "脸颊"
		},
		{
			"Id": "ParamBodyAngleX",
			"GroupId": "",
			"Name": "身体旋转　X"
		},
		{
			"Id": "ParamBodyAngleY",
			"GroupId": "",
			"Name": "身体旋转　Y"
		},
		{
			"Id": "ParamBodyAngleZ",
			"GroupId": "",
			"Name": "身体旋转　Z"
		},
		{
			"Id": "ParamBreath",
			"GroupId": "",
			"Name": "呼吸"
		},
		{
			"Id": "Param6",
			"GroupId": "",
			"Name": "手（左1）"
		},
		{
			"Id": "Param7",
			"GroupId": "",
			"Name": "左（手2）"
		},
		{
			"Id": "Param8",
			"GroupId": "",
			"Name": "右手"
		},
		{
			"Id": "Param3",
			"GroupId": "ParamGroup3",
			"Name": "呆毛   摆动"
		},
		{
			"Id": "ParamHairBack",
			"GroupId": "ParamGroup3",
			"Name": "摇动　后发"
		},
		{
			"Id": "ParamHairSide",
			"GroupId": "ParamGroup3",
			"Name": "摇动　侧发"
		},
		{
			"Id": "ParamHairFront",
			"GroupId": "ParamGroup3",
			"Name": "摇动　前发"
		}
	],
	"ParameterGroups": [
		{
			"Id": "ParamGroup5",
			"GroupId": "",
			"Name": "表情"
		},
		{
			"Id": "ParamGroup4",
			"GroupId": "",
			"Name": "eye"
		},
		{
			"Id": "ParamGroup",
			"GroupId": "",
			"Name": "身体姿势"
		},
		{
			"Id": "ParamGroup2",
			"GroupId": "",
			"Name": "表情和奇怪的东西"
		},
		{
			"Id": "ParamGroup3",
			"GroupId": "",
			"Name": "头发"
		}
	],
	"Parts": [
		{
			"Id": "Part",
			"Name": "杂物"
		},
		{
			"Id": "Part2",
			"Name": "眉毛"
		},
		{
			"Id": "Part3",
			"Name": "头发"
		},
		{
			"Id": "Part4",
			"Name": "眼"
		},
		{
			"Id": "Part7",
			"Name": "身体"
		},
		{
			"Id": "Part6",
			"Name": "口"
		},
		{
			"Id": "Part8",
			"Name": "脸"
		},
		{
			"Id": "Part9",
			"Name": "后发"
		},
		{
			"Id": "Part10",
			"Name": "别的变形"
		},
		{
			"Id": "Part5",
			"Name": "表情"
		}
	]
}