{
  "Version": 3,
  "Meta": {
    "Duration": 2.3,
    "Fps": 30.0,
    "Loop": true,
    "CurveCount": 15,
    "TotalSegmentCount": 63,
    "TotalPointCount": 198,
    "AreBeziersRestricted": false,
    "UserDataCount": 0,
    "TotalUserDataSize": 0,
    "FadeInTime": -1.0,
    "FadeOutTime": -1.0
  },
  "Curves": [
    {
      "Target": "Model",
      "Id": "EyeBlink",
      "Segments": [
        0.0,
        1.0,
        1.0,
        0.033,
        1.0,
        0.067,
        0.0,
        0.1,
        0.0,
        1.0,
        0.133,
        0.0,
        0.167,
        1.0,
        0.2,
        1.0,
        1.0,
        0.522,
        1.0,
        0.844,
        1.0,
        1.167,
        1.0,
        1.0,
        1.2,
        1.0,
        1.233,
        0.0,
        1.267,
        0.0,
        1.0,
        1.3,
        0.0,
        1.333,
        1.0,
        1.367,
        1.0,
        1.0,
        1.678,
        1.0,
        1.989,
        1.0,
        2.3,
        1.0
      ],
      "FadeInTime": -1.0,
      "FadeOutTime": -1.0
    },
    {
      "Target": "Parameter",
      "Id": "Param2",
      "Segments": [
        0.0,
        0.0,
        1.0,
        0.033,
        0.0,
        0.067,
        0.167,
        0.1,
        0.5,
        1.0,
        0.133,
        0.833,
        0.167,
        1.0,
        0.2,
        1.0,
        1.0,
        0.744,
        1.0,
        1.289,
        1.0,
        1.833,
        1.0,
        1.0,
        1.867,
        1.0,
        1.9,
        0.884,
        1.933,
        0.5,
        1.0,
        1.956,
        0.244,
        1.978,
        0.0,
        2.0,
        0.0,
        1.0,
        2.1,
        0.0,
        2.2,
        0.0,
        2.3,
        0.0
      ],
      "FadeInTime": -1.0,
      "FadeOutTime": -1.0
    },
    {
      "Target": "Parameter",
      "Id": "ParamAngleX1",
      "Segments": [
        0.0,
        0.0,
        1.0,
        0.167,
        0.0,
        0.333,
        5.219,
        0.5,
        7.0,
        1.0,
        0.689,
        9.018,
        0.878,
        9.0,
        1.067,
        9.0,
        1.0,
        1.378,
        9.0,
        1.689,
        0.0,
        2.0,
        0.0,
        1.0,
        2.1,
        0.0,
        2.2,
        0.0,
        2.3,
        0.0
      ],
      "FadeInTime": -1.0,
      "FadeOutTime": -1.0
    },
    {
      "Target": "Parameter",
      "Id": "ParamEyeBallX",
      "Segments": [
        0.0,
        0.5,
        1.0,
        0.356,
        0.5,
        0.711,
        0.5,
        1.067,
        0.5,
        1.0,
        1.378,
        0.5,
        1.689,
        0.465,
        2.0,
        0.3,
        1.0,
        2.1,
        0.247,
        2.2,
        0.0,
        2.3,
        0.0
      ],
      "FadeInTime": -1.0,
      "FadeOutTime": -1.0
    },
    {
      "Target": "Parameter",
      "Id": "ParamEyeBallY",
      "Segments": [
        0.0,
        -0.1,
        1.0,
        0.356,
        -0.1,
        0.711,
        -0.5,
        1.067,
        -0.5,
        1.0,
        1.378,
        -0.5,
        1.689,
        -0.349,
        2.0,
        -0.1,
        1.0,
        2.1,
        -0.02,
        2.2,
        0.0,
        2.3,
        0.0
      ],
      "FadeInTime": -1.0,
      "FadeOutTime": -1.0
    },
    {
      "Target": "Parameter",
      "Id": "ParamBrowLAngle",
      "Segments": [
        0.0,
        -1.0,
        0.0,
        0.333,
        -1.0,
        1.0,
        0.889,
        -1.0,
        1.444,
        -1.0,
        2.0,
        -1.0,
        1.0,
        2.1,
        -1.0,
        2.2,
        0.0,
        2.3,
        0.0
      ],
      "FadeInTime": -1.0,
      "FadeOutTime": -1.0
    },
    {
      "Target": "Parameter",
      "Id": "ParamBrowRAngle",
      "Segments": [
        0.0,
        -1.0,
        0.0,
        0.333,
        -1.0,
        1.0,
        0.889,
        -1.0,
        1.444,
        -1.0,
        2.0,
        -1.0,
        1.0,
        2.1,
        -1.0,
        2.2,
        0.0,
        2.3,
        0.0
      ],
      "FadeInTime": -1.0,
      "FadeOutTime": -1.0
    },
    {
      "Target": "Parameter",
      "Id": "ParamMouthForm",
      "Segments": [
        0.0,
        0.0,
        1.0,
        0.256,
        0.0,
        0.511,
        -0.7,
        0.767,
        -0.7,
        1.0,
        0.944,
        -0.7,
        1.122,
        0.0,
        1.3,
        0.0,
        1.0,
        1.378,
        0.0,
        1.456,
        -1.0,
        1.533,
        -1.0,
        1.0,
        1.633,
        -1.0,
        1.733,
        0.0,
        1.833,
        0.0,
        1.0,
        1.989,
        0.0,
        2.144,
        0.0,
        2.3,
        0.0
      ],
      "FadeInTime": -1.0,
      "FadeOutTime": -1.0
    },
    {
      "Target": "Parameter",
      "Id": "ParamMouthOpenY",
      "Segments": [
        0.0,
        0.5,
        0.0,
        0.333,
        0.5,
        1.0,
        0.433,
        0.5,
        0.533,
        0.4,
        0.633,
        0.4,
        1.0,
        0.778,
        0.4,
        0.922,
        0.6,
        1.067,
        0.6,
        1.0,
        1.222,
        0.6,
        1.378,
        0.0,
        1.533,
        0.0,
        1.0,
        1.633,
        0.0,
        1.733,
        0.5,
        1.833,
        0.5,
        1.0,
        1.989,
        0.5,
        2.144,
        0.5,
        2.3,
        0.5
      ],
      "FadeInTime": -1.0,
      "FadeOutTime": -1.0
    },
    {
      "Target": "Parameter",
      "Id": "ParamBodyAngleX",
      "Segments": [
        0.0,
        -10.0,
        1.0,
        0.311,
        -10.0,
        0.622,
        2.849,
        0.933,
        7.0,
        1.0,
        1.189,
        10.409,
        1.444,
        10.0,
        1.7,
        10.0,
        1.0,
        1.9,
        10.0,
        2.1,
        -10.0,
        2.3,
        -10.0
      ],
      "FadeInTime": -1.0,
      "FadeOutTime": -1.0
    },
    {
      "Target": "Parameter",
      "Id": "Param6",
      "Segments": [
        0.0,
        2.0,
        1.0,
        0.322,
        2.0,
        0.644,
        8.0,
        0.967,
        8.0,
        1.0,
        1.311,
        8.0,
        1.656,
        0.0,
        2.0,
        0.0,
        1.0,
        2.1,
        0.0,
        2.2,
        0.0,
        2.3,
        0.0
      ],
      "FadeInTime": -1.0,
      "FadeOutTime": -1.0
    },
    {
      "Target": "Parameter",
      "Id": "Param7",
      "Segments": [
        0.0,
        6.0,
        1.0,
        0.322,
        6.0,
        0.644,
        13.0,
        0.967,
        13.0,
        1.0,
        1.311,
        13.0,
        1.656,
        0.0,
        2.0,
        0.0,
        1.0,
        2.1,
        0.0,
        2.2,
        0.0,
        2.3,
        0.0
      ],
      "FadeInTime": -1.0,
      "FadeOutTime": -1.0
    },
    {
      "Target": "Parameter",
      "Id": "Param8",
      "Segments": [
        0.0,
        0.0,
        1.0,
        0.089,
        0.0,
        0.178,
        1.513,
        0.267,
        4.0,
        1.0,
        0.356,
        6.487,
        0.444,
        8.416,
        0.533,
        11.0,
        1.0,
        0.578,
        12.292,
        0.622,
        14.269,
        0.667,
        16.0,
        1.0,
        0.733,
        18.597,
        0.8,
        20.0,
        0.867,
        20.0,
        1.0,
        0.967,
        20.0,
        1.067,
        15.1,
        1.167,
        12.0,
        1.0,
        1.233,
        9.933,
        1.3,
        9.023,
        1.367,
        8.0,
        1.0,
        1.444,
        6.806,
        1.522,
        6.43,
        1.6,
        5.0,
        1.0,
        1.733,
        2.549,
        1.867,
        0.0,
        2.0,
        0.0,
        1.0,
        2.1,
        0.0,
        2.2,
        0.0,
        2.3,
        0.0
      ],
      "FadeInTime": -1.0,
      "FadeOutTime": -1.0
    },
    {
      "Target": "Parameter",
      "Id": "Param3",
      "Segments": [
        0.0,
        0.0,
        1.0,
        0.367,
        0.0,
        0.733,
        -0.4,
        1.1,
        -0.4,
        1.0,
        1.4,
        -0.4,
        1.7,
        0.0,
        2.0,
        0.0,
        1.0,
        2.1,
        0.0,
        2.2,
        0.0,
        2.3,
        0.0
      ],
      "FadeInTime": -1.0,
      "FadeOutTime": -1.0
    },
    {
      "Target": "Parameter",
      "Id": "ParamHairBack",
      "Segments": [
        0.0,
        0.0,
        1.0,
        0.211,
        0.0,
        0.422,
        0.4,
        0.633,
        0.4,
        1.0,
        0.989,
        0.4,
        1.344,
        0.0,
        1.7,
        0.0,
        1.0,
        1.9,
        0.0,
        2.1,
        0.0,
        2.3,
        0.0
      ],
      "FadeInTime": -1.0,
      "FadeOutTime": -1.0
    },
    {
      "Target": "Parameter",
      "Id": "ParamBodyAngleY",
      "Segments": [
        0.0,
        0.0,
        0.0,
        2.3,
        0.0
      ],
      "FadeInTime": 0.0,
      "FadeOutTime": 0.0
    },
    {
      "Target": "Parameter",
      "Id": "ParamBodyAngleZ",
      "Segments": [
        0.0,
        0.0,
        0.0,
        2.3,
        0.0
      ],
      "FadeInTime": 0.0,
      "FadeOutTime": 0.0
    },
    {
      "Target": "Parameter",
      "Id": "ParamBreath",
      "Segments": [
        0.0,
        0.0,
        0.0,
        2.3,
        0.0
      ],
      "FadeInTime": 0.0,
      "FadeOutTime": 0.0
    },
    {
      "Target": "Parameter",
      "Id": "ParamAngleZ",
      "Segments": [
        0.0,
        0.0,
        0.0,
        2.3,
        0.0
      ],
      "FadeInTime": 0.0,
      "FadeOutTime": 0.0
    },
    {
      "Target": "Parameter",
      "Id": "ParamAngleY1",
      "Segments": [
        0.0,
        0.0,
        0.0,
        2.3,
        0.0
      ],
      "FadeInTime": 0.0,
      "FadeOutTime": 0.0
    },
    {
      "Target": "Parameter",
      "Id": "ParamEyeROpen",
      "Segments": [
        0.0,
        1.0,
        0.0,
        2.3,
        1.0
      ],
      "FadeInTime": 0.0,
      "FadeOutTime": 0.0
    },
    {
      "Target": "Parameter",
      "Id": "ParamEyeLOpen",
      "Segments": [
        0.0,
        1.0,
        0.0,
        2.3,
        1.0
      ],
      "FadeInTime": 0.0,
      "FadeOutTime": 0.0
    },
    {
      "Target": "Parameter",
      "Id": "ParamBrowLForm",
      "Segments": [
        0.0,
        0.0,
        0.0,
        2.3,
        0.0
      ],
      "FadeInTime": 0.0,
      "FadeOutTime": 0.0
    },
    {
      "Target": "Parameter",
      "Id": "ParamBrowRForm",
      "Segments": [
        0.0,
        0.0,
        0.0,
        2.3,
        0.0
      ],
      "FadeInTime": 0.0,
      "FadeOutTime": 0.0
    },
    {
      "Target": "Parameter",
      "Id": "ParamHairSide",
      "Segments": [
        0.0,
        0.0,
        0.0,
        2.3,
        0.0
      ],
      "FadeInTime": 0.0,
      "FadeOutTime": 0.0
    },
    {
      "Target": "Parameter",
      "Id": "ParamHairFront",
      "Segments": [
        0.0,
        0.0,
        0.0,
        2.3,
        0.0
      ],
      "FadeInTime": 0.0,
      "FadeOutTime": 0.0
    }
  ]
}