{
	"Version": 3,
	"Meta": {
		"Duration": 5.4,
		"Fps": 30.0,
		"Loop": true,
		"AreBeziersRestricted": true,
		"CurveCount": 12,
		"TotalSegmentCount": 50,
		"TotalPointCount": 140,
		"UserDataCount": 0,
		"TotalUserDataSize": 0
	},
	"Curves": [
		{
			"Target": "Model",
			"Id": "EyeBlink",
			"Segments": [
				0,
				1,
				0,
				1.033,
				1,
				1,
				1.067,
				1,
				1.1,
				0,
				1.133,
				0,
				1,
				1.2,
				0,
				1.267,
				1,
				1.333,
				1,
				1,
				1.956,
				1,
				2.578,
				1,
				3.2,
				1,
				1,
				3.233,
				1,
				3.267,
				0,
				3.3,
				0,
				1,
				3.333,
				0,
				3.367,
				1,
				3.4,
				1,
				1,
				3.411,
				1,
				3.422,
				1,
				3.433,
				1,
				1,
				3.467,
				1,
				3.5,
				0,
				3.533,
				0,
				1,
				3.567,
				0,
				3.6,
				1,
				3.633,
				1,
				0,
				5.4,
				1
			]
		},
		{
			"Target": "Parameter",
			"Id": "ParamAngleX1",
			"Segments": [
				0,
				0,
				1,
				0.778,
				0,
				1.556,
				11,
				2.333,
				11,
				1,
				2.856,
				11,
				3.378,
				0,
				3.9,
				0,
				0,
				5.4,
				0
			]
		},
		{
			"Target": "Parameter",
			"Id": "Param9",
			"Segments": [
				0,
				-1,
				1,
				1.256,
				-1,
				2.511,
				-1,
				3.767,
				-1,
				1,
				4.133,
				-1,
				4.5,
				0,
				4.867,
				0,
				0,
				5.4,
				0
			]
		},
		{
			"Target": "Parameter",
			"Id": "Param10",
			"Segments": [
				0,
				-1,
				1,
				1.256,
				-1,
				2.511,
				-1,
				3.767,
				-1,
				1,
				4.133,
				-1,
				4.5,
				0,
				4.867,
				0,
				0,
				5.4,
				0
			]
		},
		{
			"Target": "Parameter",
			"Id": "ParamBrowLAngle",
			"Segments": [
				0,
				-1,
				1,
				1.722,
				-1,
				3.444,
				-1,
				5.167,
				-1,
				1,
				5.244,
				-1,
				5.322,
				0,
				5.4,
				0
			]
		},
		{
			"Target": "Parameter",
			"Id": "ParamBrowRAngle",
			"Segments": [
				0,
				-1,
				1,
				1.8,
				-1,
				3.6,
				0,
				5.4,
				0
			]
		},
		{
			"Target": "Parameter",
			"Id": "ParamMouthForm",
			"Segments": [
				0,
				-1,
				1,
				0.2,
				-1,
				0.4,
				-0.2,
				0.6,
				-0.2,
				1,
				0.867,
				-0.2,
				1.133,
				-0.9,
				1.4,
				-0.9,
				1,
				1.744,
				-0.9,
				2.089,
				-0.2,
				2.433,
				-0.2,
				1,
				2.822,
				-0.2,
				3.211,
				-0.433,
				3.6,
				-0.9,
				1,
				3.656,
				-0.967,
				3.711,
				-1,
				3.767,
				-1,
				1,
				4.133,
				-1,
				4.5,
				0,
				4.867,
				0,
				1,
				5.022,
				0,
				5.178,
				-1,
				5.333,
				-1,
				1,
				5.356,
				-1,
				5.378,
				0,
				5.4,
				0
			]
		},
		{
			"Target": "Parameter",
			"Id": "ParamMouthOpenY",
			"Segments": [
				0,
				0.4,
				0,
				0.267,
				0.4,
				1,
				0.333,
				0.4,
				0.4,
				0.332,
				0.467,
				0.3,
				1,
				0.633,
				0.22,
				0.8,
				0.2,
				0.967,
				0.2,
				1,
				1.267,
				0.2,
				1.567,
				0.4,
				1.867,
				0.4,
				1,
				1.978,
				0.4,
				2.089,
				0.318,
				2.2,
				0.3,
				1,
				2.467,
				0.257,
				2.733,
				0.242,
				3,
				0.2,
				1,
				3.778,
				0.078,
				4.556,
				0,
				5.333,
				0,
				0,
				5.4,
				0
			]
		},
		{
			"Target": "Parameter",
			"Id": "ParamBodyAngleY",
			"Segments": [
				0,
				0,
				1,
				0.589,
				0,
				1.178,
				-10,
				1.767,
				-10,
				1,
				2.478,
				-10,
				3.189,
				0,
				3.9,
				0,
				0,
				5.4,
				0
			]
		},
		{
			"Target": "Parameter",
			"Id": "Param6",
			"Segments": [
				0,
				0,
				1,
				0.711,
				0,
				1.422,
				6,
				2.133,
				6,
				1,
				2.722,
				6,
				3.311,
				0,
				3.9,
				0,
				0,
				5.4,
				0
			]
		},
		{
			"Target": "Parameter",
			"Id": "Param7",
			"Segments": [
				0,
				0,
				1,
				0.711,
				0,
				1.422,
				5,
				2.133,
				5,
				1,
				2.722,
				5,
				3.311,
				0,
				3.9,
				0,
				0,
				5.4,
				0
			]
		},
		{
			"Target": "Parameter",
			"Id": "Param8",
			"Segments": [
				0,
				13,
				1,
				0.622,
				13,
				1.244,
				24,
				1.867,
				24,
				1,
				2.544,
				24,
				3.222,
				0,
				3.9,
				0,
				0,
				5.4,
				0
			]
		}
	]
}