{
  "Version": 3,
  "Meta": {
    "Duration": 0.733,
    "Fps": 30.0,
    "Loop": true,
    "CurveCount": 6,
    "TotalSegmentCount": 11,
    "TotalPointCount": 39,
    "AreBeziersRestricted": true,
    "UserDataCount": 0,
    "TotalUserDataSize": 0,
    "FadeInTime": -1.0,
    "FadeOutTime": -1.0
  },
  "Curves": [
    {
      "Target": "Parameter",
      "Id": "ParamEyeROpen",
      "Segments": [
        0.0,
        0.0,
        1.0,
        0.189,
        0.0,
        0.378,
        0.0,
        0.567,
        0.0,
        1.0,
        0.622,
        0.0,
        0.678,
        1.0,
        0.733,
        1.0
      ],
      "FadeInTime": -1.0,
      "FadeOutTime": -1.0
    },
    {
      "Target": "Parameter",
      "Id": "ParamAngleX1",
      "Segments": [
        0.0,
        0.0,
        1.0,
        0.144,
        0.0,
        0.289,
        11.0,
        0.433,
        11.0,
        1.0,
        0.533,
        11.0,
        0.633,
        0.0,
        0.733,
        0.0
      ],
      "FadeInTime": -1.0,
      "FadeOutTime": -1.0
    },
    {
      "Target": "Parameter",
      "Id": "ParamBodyAngleY",
      "Segments": [
        0.0,
        0.0,
        1.0,
        0.111,
        0.0,
        0.222,
        -10.0,
        0.333,
        -10.0,
        1.0,
        0.467,
        -10.0,
        0.6,
        0.0,
        0.733,
        0.0
      ],
      "FadeInTime": -1.0,
      "FadeOutTime": -1.0
    },
    {
      "Target": "Parameter",
      "Id": "Param6",
      "Segments": [
        0.0,
        0.0,
        1.0,
        0.133,
        0.0,
        0.267,
        6.0,
        0.4,
        6.0,
        1.0,
        0.511,
        6.0,
        0.622,
        0.0,
        0.733,
        0.0
      ],
      "FadeInTime": -1.0,
      "FadeOutTime": -1.0
    },
    {
      "Target": "Parameter",
      "Id": "Param7",
      "Segments": [
        0.0,
        0.0,
        1.0,
        0.133,
        0.0,
        0.267,
        5.0,
        0.4,
        5.0,
        1.0,
        0.511,
        5.0,
        0.622,
        0.0,
        0.733,
        0.0
      ],
      "FadeInTime": -1.0,
      "FadeOutTime": -1.0
    },
    {
      "Target": "Parameter",
      "Id": "Param8",
      "Segments": [
        0.0,
        13.0,
        1.0,
        0.244,
        13.0,
        0.489,
        0.0,
        0.733,
        0.0
      ],
      "FadeInTime": -1.0,
      "FadeOutTime": -1.0
    },
    {
      "Target": "Parameter",
      "Id": "Param2",
      "Segments": [
        0.0,
        0.0,
        0.0,
        0.733,
        0.0
      ],
      "FadeInTime": 0.0,
      "FadeOutTime": 0.0
    },
    {
      "Target": "Parameter",
      "Id": "ParamEyeBallX",
      "Segments": [
        0.0,
        0.0,
        0.0,
        0.733,
        0.0
      ],
      "FadeInTime": 0.0,
      "FadeOutTime": 0.0
    },
    {
      "Target": "Parameter",
      "Id": "ParamEyeBallY",
      "Segments": [
        0.0,
        0.0,
        0.0,
        0.733,
        0.0
      ],
      "FadeInTime": 0.0,
      "FadeOutTime": 0.0
    },
    {
      "Target": "Parameter",
      "Id": "ParamBrowLAngle",
      "Segments": [
        0.0,
        0.0,
        0.0,
        0.733,
        0.0
      ],
      "FadeInTime": 0.0,
      "FadeOutTime": 0.0
    },
    {
      "Target": "Parameter",
      "Id": "ParamBrowRAngle",
      "Segments": [
        0.0,
        0.0,
        0.0,
        0.733,
        0.0
      ],
      "FadeInTime": 0.0,
      "FadeOutTime": 0.0
    },
    {
      "Target": "Parameter",
      "Id": "ParamMouthForm",
      "Segments": [
        0.0,
        0.0,
        0.0,
        0.733,
        0.0
      ],
      "FadeInTime": 0.0,
      "FadeOutTime": 0.0
    },
    {
      "Target": "Parameter",
      "Id": "ParamMouthOpenY",
      "Segments": [
        0.0,
        0.0,
        0.0,
        0.733,
        0.0
      ],
      "FadeInTime": 0.0,
      "FadeOutTime": 0.0
    },
    {
      "Target": "Parameter",
      "Id": "ParamBodyAngleX",
      "Segments": [
        0.0,
        0.0,
        0.0,
        0.733,
        0.0
      ],
      "FadeInTime": 0.0,
      "FadeOutTime": 0.0
    },
    {
      "Target": "Parameter",
      "Id": "Param3",
      "Segments": [
        0.0,
        0.0,
        0.0,
        0.733,
        0.0
      ],
      "FadeInTime": 0.0,
      "FadeOutTime": 0.0
    },
    {
      "Target": "Parameter",
      "Id": "ParamHairBack",
      "Segments": [
        0.0,
        0.0,
        0.0,
        0.733,
        0.0
      ],
      "FadeInTime": 0.0,
      "FadeOutTime": 0.0
    },
    {
      "Target": "Parameter",
      "Id": "ParamBodyAngleZ",
      "Segments": [
        0.0,
        0.0,
        0.0,
        0.733,
        0.0
      ],
      "FadeInTime": 0.0,
      "FadeOutTime": 0.0
    },
    {
      "Target": "Parameter",
      "Id": "ParamBreath",
      "Segments": [
        0.0,
        0.0,
        0.0,
        0.733,
        0.0
      ],
      "FadeInTime": 0.0,
      "FadeOutTime": 0.0
    },
    {
      "Target": "Parameter",
      "Id": "ParamAngleZ",
      "Segments": [
        0.0,
        0.0,
        0.0,
        0.733,
        0.0
      ],
      "FadeInTime": 0.0,
      "FadeOutTime": 0.0
    },
    {
      "Target": "Parameter",
      "Id": "ParamAngleY1",
      "Segments": [
        0.0,
        0.0,
        0.0,
        0.733,
        0.0
      ],
      "FadeInTime": 0.0,
      "FadeOutTime": 0.0
    },
    {
      "Target": "Parameter",
      "Id": "ParamEyeLOpen",
      "Segments": [
        0.0,
        1.0,
        0.0,
        0.733,
        1.0
      ],
      "FadeInTime": 0.0,
      "FadeOutTime": 0.0
    },
    {
      "Target": "Parameter",
      "Id": "ParamBrowLForm",
      "Segments": [
        0.0,
        0.0,
        0.0,
        0.733,
        0.0
      ],
      "FadeInTime": 0.0,
      "FadeOutTime": 0.0
    },
    {
      "Target": "Parameter",
      "Id": "ParamBrowRForm",
      "Segments": [
        0.0,
        0.0,
        0.0,
        0.733,
        0.0
      ],
      "FadeInTime": 0.0,
      "FadeOutTime": 0.0
    },
    {
      "Target": "Parameter",
      "Id": "ParamHairSide",
      "Segments": [
        0.0,
        0.0,
        0.0,
        0.733,
        0.0
      ],
      "FadeInTime": 0.0,
      "FadeOutTime": 0.0
    },
    {
      "Target": "Parameter",
      "Id": "ParamHairFront",
      "Segments": [
        0.0,
        0.0,
        0.0,
        0.733,
        0.0
      ],
      "FadeInTime": 0.0,
      "FadeOutTime": 0.0
    }
  ]
}