{
	"Version": 3,
	"Meta": {
		"Duration": 1,
		"Fps": 30.0,
		"Loop": true,
		"AreBeziersRestricted": true,
		"CurveCount": 18,
		"TotalSegmentCount": 61,
		"TotalPointCount": 165,
		"UserDataCount": 0,
		"TotalUserDataSize": 0
	},
	"Curves": [
		{
			"Target": "Parameter",
			"Id": "Param17",
			"Segments": [
				0,
				0,
				1,
				0.089,
				0,
				0.178,
				2,
				0.267,
				2,
				1,
				0.367,
				2,
				0.467,
				2,
				0.567,
				2,
				1,
				0.656,
				2,
				0.744,
				2,
				0.833,
				2,
				0,
				1,
				2
			]
		},
		{
			"Target": "Parameter",
			"Id": "Param18",
			"Segments": [
				0,
				1,
				1,
				0.089,
				1,
				0.178,
				-1,
				0.267,
				-1,
				1,
				0.367,
				-1,
				0.467,
				-1,
				0.567,
				-1,
				1,
				0.656,
				-1,
				0.744,
				2,
				0.833,
				2,
				0,
				1,
				2
			]
		},
		{
			"Target": "Parameter",
			"Id": "Param12",
			"Segments": [
				0,
				1,
				1,
				0.278,
				1,
				0.556,
				1,
				0.833,
				1,
				1,
				0.889,
				1,
				0.944,
				0,
				1,
				0
			]
		},
		{
			"Target": "Parameter",
			"Id": "ParamEyeBallX",
			"Segments": [
				0,
				-0.4,
				1,
				0.278,
				-0.4,
				0.556,
				0.6,
				0.833,
				0.6,
				1,
				0.878,
				0.6,
				0.922,
				0,
				0.967,
				0,
				0,
				1,
				0
			]
		},
		{
			"Target": "Parameter",
			"Id": "ParamEyeBallY",
			"Segments": [
				0,
				0,
				1,
				0.278,
				0,
				0.556,
				-0.1,
				0.833,
				-0.1,
				1,
				0.878,
				-0.1,
				0.922,
				0,
				0.967,
				0,
				0,
				1,
				0
			]
		},
		{
			"Target": "Parameter",
			"Id": "ParamBrowLAngle",
			"Segments": [
				0,
				-0.7,
				1,
				0.267,
				-0.7,
				0.533,
				-0.7,
				0.8,
				-0.7,
				1,
				0.856,
				-0.7,
				0.911,
				0,
				0.967,
				0,
				0,
				1,
				0
			]
		},
		{
			"Target": "Parameter",
			"Id": "ParamBrowRAngle",
			"Segments": [
				0,
				-0.7,
				1,
				0.267,
				-0.7,
				0.533,
				-0.7,
				0.8,
				-0.7,
				1,
				0.856,
				-0.7,
				0.911,
				0,
				0.967,
				0,
				0,
				1,
				0
			]
		},
		{
			"Target": "Parameter",
			"Id": "ParamMouthForm",
			"Segments": [
				0,
				-1,
				1,
				0.089,
				-1,
				0.178,
				-1,
				0.267,
				-1,
				1,
				0.444,
				-1,
				0.622,
				-1,
				0.8,
				-1,
				1,
				0.856,
				-1,
				0.911,
				0,
				0.967,
				0,
				0,
				1,
				0
			]
		},
		{
			"Target": "Parameter",
			"Id": "ParamMouthOpenY",
			"Segments": [
				0,
				0.2,
				0,
				0.1,
				0.2,
				1,
				0.144,
				0.2,
				0.189,
				0,
				0.233,
				0,
				1,
				0.256,
				0,
				0.278,
				0.2,
				0.3,
				0.2,
				1,
				0.389,
				0.2,
				0.478,
				0,
				0.567,
				0,
				0,
				1,
				0
			]
		},
		{
			"Target": "Parameter",
			"Id": "ParamBodyAngleY",
			"Segments": [
				0,
				0,
				1,
				0.133,
				0,
				0.267,
				-10,
				0.4,
				-10,
				1,
				0.456,
				-10,
				0.511,
				-10.221,
				0.567,
				-9,
				1,
				0.644,
				-7.29,
				0.722,
				0,
				0.8,
				0,
				0,
				1,
				0
			]
		},
		{
			"Target": "Parameter",
			"Id": "ParamBreath",
			"Segments": [
				0,
				1,
				1,
				0.111,
				1,
				0.222,
				0,
				0.333,
				0,
				1,
				0.544,
				0,
				0.756,
				1,
				0.967,
				1,
				0,
				1,
				1
			]
		},
		{
			"Target": "Parameter",
			"Id": "Param6",
			"Segments": [
				0,
				0,
				1,
				0.133,
				0,
				0.267,
				30,
				0.4,
				30,
				1,
				0.589,
				30,
				0.778,
				0,
				0.967,
				0,
				0,
				1,
				0
			]
		},
		{
			"Target": "Parameter",
			"Id": "Param7",
			"Segments": [
				0,
				0,
				1,
				0.133,
				0,
				0.267,
				0,
				0.4,
				0,
				1,
				0.589,
				0,
				0.778,
				0,
				0.967,
				0,
				0,
				1,
				0
			]
		},
		{
			"Target": "Parameter",
			"Id": "Param8",
			"Segments": [
				0,
				0,
				1,
				0.133,
				0,
				0.267,
				20,
				0.4,
				20,
				1,
				0.589,
				20,
				0.778,
				0,
				0.967,
				0,
				0,
				1,
				0
			]
		},
		{
			"Target": "Parameter",
			"Id": "Param3",
			"Segments": [
				0,
				0,
				1,
				0.111,
				0,
				0.222,
				-1,
				0.333,
				-1,
				1,
				0.489,
				-1,
				0.644,
				-1,
				0.8,
				-1,
				1,
				0.856,
				-1,
				0.911,
				0,
				0.967,
				0,
				0,
				1,
				0
			]
		},
		{
			"Target": "Parameter",
			"Id": "ParamHairBack",
			"Segments": [
				0,
				0,
				1,
				0.111,
				0,
				0.222,
				0.2,
				0.333,
				0.2,
				1,
				0.411,
				0.2,
				0.489,
				-0.1,
				0.567,
				-0.1,
				1,
				0.7,
				-0.1,
				0.833,
				0,
				0.967,
				0,
				0,
				1,
				0
			]
		},
		{
			"Target": "Parameter",
			"Id": "ParamHairSide",
			"Segments": [
				0,
				0,
				1,
				0.111,
				0,
				0.222,
				-0.4,
				0.333,
				-0.4,
				1,
				0.544,
				-0.4,
				0.756,
				0,
				0.967,
				0,
				0,
				1,
				0
			]
		},
		{
			"Target": "Parameter",
			"Id": "ParamHairFront",
			"Segments": [
				0,
				0,
				1,
				0.111,
				0,
				0.222,
				-0.2,
				0.333,
				-0.2,
				1,
				0.544,
				-0.2,
				0.756,
				0,
				0.967,
				0,
				0,
				1,
				0
			]
		}
	]
}