{
  "Version": 3,
  "Meta": {
    "Duration": 3.567,
    "Fps": 30.0,
    "Loop": true,
    "CurveCount": 17,
    "TotalSegmentCount": 56,
    "TotalPointCount": 181,
    "AreBeziersRestricted": true,
    "UserDataCount": 0,
    "TotalUserDataSize": 0,
    "FadeInTime": -1.0,
    "FadeOutTime": -1.0
  },
  "Curves": [
    {
      "Target": "Model",
      "Id": "EyeBlink",
      "Segments": [
        0.0,
        0.741,
        1.0,
        0.022,
        0.444,
        0.044,
        0.0,
        0.067,
        0.0,
        1.0,
        0.1,
        0.0,
        0.133,
        1.0,
        0.167,
        1.0,
        1.0,
        0.967,
        1.0,
        1.767,
        1.0,
        2.567,
        1.0,
        1.0,
        2.6,
        1.0,
        2.633,
        0.0,
        2.667,
        0.0,
        1.0,
        2.7,
        0.0,
        2.733,
        1.0,
        2.767,
        1.0,
        0.0,
        3.567,
        1.0
      ],
      "FadeInTime": -1.0,
      "FadeOutTime": -1.0
    },
    {
      "Target": "Parameter",
      "Id": "ParamAngleX1",
      "Segments": [
        0.0,
        -0.018,
        1.0,
        0.589,
        -0.661,
        1.178,
        -18.0,
        1.767,
        -18.0,
        1.0,
        2.367,
        -18.0,
        2.967,
        0.0,
        3.567,
        0.0
      ],
      "FadeInTime": -1.0,
      "FadeOutTime": -1.0
    },
    {
      "Target": "Parameter",
      "Id": "ParamAngleZ",
      "Segments": [
        0.0,
        -0.009,
        1.0,
        0.589,
        -0.33,
        1.178,
        -9.0,
        1.767,
        -9.0,
        1.0,
        2.367,
        -9.0,
        2.967,
        0.0,
        3.567,
        0.0
      ],
      "FadeInTime": -1.0,
      "FadeOutTime": -1.0
    },
    {
      "Target": "Parameter",
      "Id": "ParamEyeBallX",
      "Segments": [
        0.0,
        0.0,
        1.0,
        0.589,
        0.007,
        1.178,
        0.2,
        1.767,
        0.2,
        1.0,
        2.367,
        0.2,
        2.967,
        0.0,
        3.567,
        0.0
      ],
      "FadeInTime": -1.0,
      "FadeOutTime": -1.0
    },
    {
      "Target": "Parameter",
      "Id": "ParamEyeBallY",
      "Segments": [
        0.0,
        0.0,
        1.0,
        0.589,
        -0.007,
        1.178,
        -0.2,
        1.767,
        -0.2,
        1.0,
        2.367,
        -0.2,
        2.967,
        0.0,
        3.567,
        0.0
      ],
      "FadeInTime": -1.0,
      "FadeOutTime": -1.0
    },
    {
      "Target": "Parameter",
      "Id": "ParamBrowLAngle",
      "Segments": [
        0.0,
        -1.0,
        1.0,
        1.022,
        -1.0,
        2.044,
        -1.0,
        3.067,
        -1.0,
        1.0,
        3.233,
        -1.0,
        3.4,
        0.0,
        3.567,
        0.0
      ],
      "FadeInTime": -1.0,
      "FadeOutTime": -1.0
    },
    {
      "Target": "Parameter",
      "Id": "ParamBrowRAngle",
      "Segments": [
        0.0,
        -1.0,
        1.0,
        1.022,
        -1.0,
        2.044,
        -0.976,
        3.067,
        -0.9,
        1.0,
        3.233,
        -0.888,
        3.4,
        0.0,
        3.567,
        0.0
      ],
      "FadeInTime": -1.0,
      "FadeOutTime": -1.0
    },
    {
      "Target": "Parameter",
      "Id": "ParamMouthForm",
      "Segments": [
        0.0,
        0.0,
        1.0,
        0.256,
        0.0,
        0.511,
        -0.005,
        0.767,
        -0.2,
        1.0,
        0.989,
        -0.37,
        1.211,
        -0.9,
        1.433,
        -0.9,
        1.0,
        1.511,
        -0.9,
        1.589,
        0.0,
        1.667,
        0.0,
        1.0,
        1.822,
        0.0,
        1.978,
        0.0,
        2.133,
        0.0,
        1.0,
        2.322,
        0.0,
        2.511,
        0.008,
        2.7,
        -0.2,
        1.0,
        2.922,
        -0.445,
        3.144,
        -0.9,
        3.367,
        -0.9,
        1.0,
        3.433,
        -0.9,
        3.5,
        0.0,
        3.567,
        0.0
      ],
      "FadeInTime": -1.0,
      "FadeOutTime": -1.0
    },
    {
      "Target": "Parameter",
      "Id": "ParamMouthOpenY",
      "Segments": [
        0.0,
        0.006,
        1.0,
        0.144,
        0.055,
        0.289,
        0.4,
        0.433,
        0.4,
        1.0,
        0.5,
        0.4,
        0.567,
        0.32,
        0.633,
        0.3,
        1.0,
        0.778,
        0.256,
        0.922,
        0.254,
        1.067,
        0.2,
        1.0,
        1.267,
        0.126,
        1.467,
        0.0,
        1.667,
        0.0,
        1.0,
        1.822,
        0.0,
        1.978,
        0.0,
        2.133,
        0.0,
        1.0,
        2.211,
        0.0,
        2.289,
        0.4,
        2.367,
        0.4,
        1.0,
        2.433,
        0.4,
        2.5,
        0.32,
        2.567,
        0.3,
        1.0,
        2.711,
        0.256,
        2.856,
        0.254,
        3.0,
        0.2,
        1.0,
        3.189,
        0.13,
        3.378,
        0.0,
        3.567,
        0.0
      ],
      "FadeInTime": -1.0,
      "FadeOutTime": -1.0
    },
    {
      "Target": "Parameter",
      "Id": "ParamBodyAngleX",
      "Segments": [
        0.0,
        0.0,
        1.0,
        1.189,
        0.0,
        2.378,
        0.0,
        3.567,
        0.0
      ],
      "FadeInTime": -1.0,
      "FadeOutTime": -1.0
    },
    {
      "Target": "Parameter",
      "Id": "ParamBodyAngleY",
      "Segments": [
        0.0,
        -0.056,
        1.0,
        0.1,
        -0.38,
        0.2,
        -2.0,
        0.3,
        -2.0,
        1.0,
        0.489,
        -2.0,
        0.678,
        2.0,
        0.867,
        2.0,
        1.0,
        1.011,
        2.0,
        1.156,
        -1.0,
        1.3,
        -1.0,
        1.0,
        1.422,
        -1.0,
        1.544,
        0.0,
        1.667,
        0.0,
        1.0,
        1.789,
        0.0,
        1.911,
        -2.0,
        2.033,
        -2.0,
        1.0,
        2.222,
        -2.0,
        2.411,
        2.0,
        2.6,
        2.0,
        1.0,
        2.744,
        2.0,
        2.889,
        -1.0,
        3.033,
        -1.0,
        1.0,
        3.211,
        -1.0,
        3.389,
        0.0,
        3.567,
        0.0
      ],
      "FadeInTime": -1.0,
      "FadeOutTime": -1.0
    },
    {
      "Target": "Parameter",
      "Id": "ParamBodyAngleZ",
      "Segments": [
        0.0,
        0.0,
        0.0,
        3.567,
        0.0
      ],
      "FadeInTime": -1.0,
      "FadeOutTime": -1.0
    },
    {
      "Target": "Parameter",
      "Id": "Param6",
      "Segments": [
        0.0,
        0.001,
        1.0,
        0.556,
        0.039,
        1.111,
        1.0,
        1.667,
        1.0,
        1.0,
        2.3,
        1.0,
        2.933,
        0.0,
        3.567,
        0.0
      ],
      "FadeInTime": -1.0,
      "FadeOutTime": -1.0
    },
    {
      "Target": "Parameter",
      "Id": "Param7",
      "Segments": [
        0.0,
        0.01,
        1.0,
        0.556,
        0.349,
        1.111,
        9.0,
        1.667,
        9.0,
        1.0,
        2.3,
        9.0,
        2.933,
        0.0,
        3.567,
        0.0
      ],
      "FadeInTime": -1.0,
      "FadeOutTime": -1.0
    },
    {
      "Target": "Parameter",
      "Id": "Param8",
      "Segments": [
        0.0,
        0.048,
        1.0,
        0.278,
        0.83,
        0.556,
        11.0,
        0.833,
        11.0,
        1.0,
        1.111,
        11.0,
        1.389,
        10.94,
        1.667,
        10.0,
        1.0,
        1.978,
        8.947,
        2.289,
        7.204,
        2.6,
        5.0,
        1.0,
        2.922,
        2.717,
        3.244,
        0.0,
        3.567,
        0.0
      ],
      "FadeInTime": -1.0,
      "FadeOutTime": -1.0
    },
    {
      "Target": "Parameter",
      "Id": "Param3",
      "Segments": [
        0.0,
        -0.001,
        1.0,
        0.544,
        -0.024,
        1.089,
        -0.6,
        1.633,
        -0.6,
        1.0,
        2.278,
        -0.6,
        2.922,
        0.0,
        3.567,
        0.0
      ],
      "FadeInTime": -1.0,
      "FadeOutTime": -1.0
    },
    {
      "Target": "Parameter",
      "Id": "ParamHairBack",
      "Segments": [
        0.0,
        -0.001,
        1.0,
        0.544,
        -0.02,
        1.089,
        -0.5,
        1.633,
        -0.5,
        1.0,
        2.278,
        -0.5,
        2.922,
        0.0,
        3.567,
        0.0
      ],
      "FadeInTime": -1.0,
      "FadeOutTime": -1.0
    },
    {
      "Target": "Parameter",
      "Id": "Param2",
      "Segments": [
        0.0,
        0.0,
        0.0,
        3.567,
        0.0
      ],
      "FadeInTime": 0.0,
      "FadeOutTime": 0.0
    },
    {
      "Target": "Parameter",
      "Id": "ParamBreath",
      "Segments": [
        0.0,
        0.0,
        0.0,
        3.567,
        0.0
      ],
      "FadeInTime": 0.0,
      "FadeOutTime": 0.0
    },
    {
      "Target": "Parameter",
      "Id": "ParamAngleY1",
      "Segments": [
        0.0,
        0.0,
        0.0,
        3.567,
        0.0
      ],
      "FadeInTime": 0.0,
      "FadeOutTime": 0.0
    },
    {
      "Target": "Parameter",
      "Id": "ParamEyeROpen",
      "Segments": [
        0.0,
        1.0,
        0.0,
        3.567,
        1.0
      ],
      "FadeInTime": 0.0,
      "FadeOutTime": 0.0
    },
    {
      "Target": "Parameter",
      "Id": "ParamEyeLOpen",
      "Segments": [
        0.0,
        1.0,
        0.0,
        3.567,
        1.0
      ],
      "FadeInTime": 0.0,
      "FadeOutTime": 0.0
    },
    {
      "Target": "Parameter",
      "Id": "ParamBrowLForm",
      "Segments": [
        0.0,
        0.0,
        0.0,
        3.567,
        0.0
      ],
      "FadeInTime": 0.0,
      "FadeOutTime": 0.0
    },
    {
      "Target": "Parameter",
      "Id": "ParamBrowRForm",
      "Segments": [
        0.0,
        0.0,
        0.0,
        3.567,
        0.0
      ],
      "FadeInTime": 0.0,
      "FadeOutTime": 0.0
    },
    {
      "Target": "Parameter",
      "Id": "ParamHairSide",
      "Segments": [
        0.0,
        0.0,
        0.0,
        3.567,
        0.0
      ],
      "FadeInTime": 0.0,
      "FadeOutTime": 0.0
    },
    {
      "Target": "Parameter",
      "Id": "ParamHairFront",
      "Segments": [
        0.0,
        0.0,
        0.0,
        3.567,
        0.0
      ],
      "FadeInTime": 0.0,
      "FadeOutTime": 0.0
    }
  ]
}