{
  "Version": 3,
  "Meta": {
    "Duration": 2.033,
    "Fps": 30.0,
    "Loop": true,
    "CurveCount": 16,
    "TotalSegmentCount": 32,
    "TotalPointCount": 100,
    "AreBeziersRestricted": true,
    "UserDataCount": 0,
    "TotalUserDataSize": 0,
    "FadeInTime": -1.0,
    "FadeOutTime": -1.0
  },
  "Curves": [
    {
      "Target": "Model",
      "Id": "EyeBlink",
      "Segments": [
        0.0,
        1.0,
        1.0,
        0.033,
        1.0,
        0.067,
        0.0,
        0.1,
        0.0,
        1.0,
        0.133,
        0.0,
        0.167,
        1.0,
        0.2,
        1.0,
        1.0,
        0.511,
        1.0,
        0.822,
        1.0,
        1.133,
        1.0,
        1.0,
        1.167,
        1.0,
        1.2,
        0.0,
        1.233,
        0.0,
        1.0,
        1.267,
        0.0,
        1.3,
        1.0,
        1.333,
        1.0,
        0.0,
        2.033,
        1.0
      ],
      "FadeInTime": -1.0,
      "FadeOutTime": -1.0
    },
    {
      "Target": "Parameter",
      "Id": "Param2",
      "Segments": [
        0.0,
        0.0,
        0.0,
        2.033,
        0.0
      ],
      "FadeInTime": -1.0,
      "FadeOutTime": -1.0
    },
    {
      "Target": "Parameter",
      "Id": "ParamAngleX1",
      "Segments": [
        0.0,
        0.0,
        1.0,
        0.289,
        0.0,
        0.578,
        -10.0,
        0.867,
        -10.0,
        1.0,
        1.256,
        -10.0,
        1.644,
        0.0,
        2.033,
        0.0
      ],
      "FadeInTime": -1.0,
      "FadeOutTime": -1.0
    },
    {
      "Target": "Parameter",
      "Id": "ParamEyeBallX",
      "Segments": [
        0.0,
        0.5,
        1.0,
        0.289,
        0.5,
        0.578,
        0.2,
        0.867,
        0.2,
        1.0,
        1.256,
        0.2,
        1.644,
        0.2,
        2.033,
        0.2
      ],
      "FadeInTime": -1.0,
      "FadeOutTime": -1.0
    },
    {
      "Target": "Parameter",
      "Id": "ParamEyeBallY",
      "Segments": [
        0.0,
        -0.1,
        1.0,
        0.289,
        -0.1,
        0.578,
        -0.1,
        0.867,
        -0.1,
        1.0,
        1.256,
        -0.1,
        1.644,
        -0.1,
        2.033,
        -0.1
      ],
      "FadeInTime": -1.0,
      "FadeOutTime": -1.0
    },
    {
      "Target": "Parameter",
      "Id": "ParamMouthForm",
      "Segments": [
        0.0,
        0.0,
        1.0,
        0.056,
        0.0,
        0.111,
        -1.0,
        0.167,
        -1.0,
        1.0,
        0.733,
        -1.0,
        1.3,
        -1.0,
        1.867,
        -1.0,
        1.0,
        1.922,
        -1.0,
        1.978,
        0.0,
        2.033,
        0.0
      ],
      "FadeInTime": -1.0,
      "FadeOutTime": -1.0
    },
    {
      "Target": "Parameter",
      "Id": "ParamMouthOpenY",
      "Segments": [
        0.0,
        0.0,
        1.0,
        0.322,
        0.0,
        0.644,
        0.2,
        0.967,
        0.2,
        1.0,
        1.322,
        0.2,
        1.678,
        0.0,
        2.033,
        0.0
      ],
      "FadeInTime": -1.0,
      "FadeOutTime": -1.0
    },
    {
      "Target": "Parameter",
      "Id": "ParamBodyAngleX",
      "Segments": [
        0.0,
        0.0,
        0.0,
        2.033,
        0.0
      ],
      "FadeInTime": -1.0,
      "FadeOutTime": -1.0
    },
    {
      "Target": "Parameter",
      "Id": "ParamBodyAngleY",
      "Segments": [
        0.0,
        0.0,
        1.0,
        0.322,
        0.0,
        0.644,
        -10.0,
        0.967,
        -10.0,
        1.0,
        1.322,
        -10.0,
        1.678,
        -0.597,
        2.033,
        -0.027
      ],
      "FadeInTime": -1.0,
      "FadeOutTime": -1.0
    },
    {
      "Target": "Parameter",
      "Id": "ParamBodyAngleZ",
      "Segments": [
        0.0,
        0.0,
        0.0,
        2.033,
        0.0
      ],
      "FadeInTime": -1.0,
      "FadeOutTime": -1.0
    },
    {
      "Target": "Parameter",
      "Id": "ParamBreath",
      "Segments": [
        0.0,
        0.0,
        1.0,
        0.333,
        0.0,
        0.667,
        0.7,
        1.0,
        0.7,
        1.0,
        1.344,
        0.7,
        1.689,
        0.0,
        2.033,
        0.0
      ],
      "FadeInTime": -1.0,
      "FadeOutTime": -1.0
    },
    {
      "Target": "Parameter",
      "Id": "Param6",
      "Segments": [
        0.0,
        2.0,
        1.0,
        0.367,
        2.0,
        0.733,
        6.0,
        1.1,
        6.0,
        1.0,
        1.411,
        6.0,
        1.722,
        0.407,
        2.033,
        0.021
      ],
      "FadeInTime": -1.0,
      "FadeOutTime": -1.0
    },
    {
      "Target": "Parameter",
      "Id": "Param7",
      "Segments": [
        0.0,
        6.0,
        1.0,
        0.367,
        6.0,
        0.733,
        18.0,
        1.1,
        18.0,
        1.0,
        1.411,
        18.0,
        1.722,
        1.22,
        2.033,
        0.063
      ],
      "FadeInTime": -1.0,
      "FadeOutTime": -1.0
    },
    {
      "Target": "Parameter",
      "Id": "Param8",
      "Segments": [
        0.0,
        0.0,
        1.0,
        0.311,
        0.0,
        0.622,
        3.0,
        0.933,
        3.0,
        1.0,
        1.3,
        3.0,
        1.667,
        0.174,
        2.033,
        0.008
      ],
      "FadeInTime": -1.0,
      "FadeOutTime": -1.0
    },
    {
      "Target": "Parameter",
      "Id": "Param3",
      "Segments": [
        0.0,
        0.0,
        0.0,
        2.033,
        0.0
      ],
      "FadeInTime": -1.0,
      "FadeOutTime": -1.0
    },
    {
      "Target": "Parameter",
      "Id": "ParamHairBack",
      "Segments": [
        0.0,
        0.0,
        0.0,
        2.033,
        0.0
      ],
      "FadeInTime": -1.0,
      "FadeOutTime": -1.0
    },
    {
      "Target": "Parameter",
      "Id": "ParamBrowLAngle",
      "Segments": [
        0.0,
        0.0,
        0.0,
        2.033,
        0.0
      ],
      "FadeInTime": 0.0,
      "FadeOutTime": 0.0
    },
    {
      "Target": "Parameter",
      "Id": "ParamBrowRAngle",
      "Segments": [
        0.0,
        0.0,
        0.0,
        2.033,
        0.0
      ],
      "FadeInTime": 0.0,
      "FadeOutTime": 0.0
    },
    {
      "Target": "Parameter",
      "Id": "ParamAngleZ",
      "Segments": [
        0.0,
        0.0,
        0.0,
        2.033,
        0.0
      ],
      "FadeInTime": 0.0,
      "FadeOutTime": 0.0
    },
    {
      "Target": "Parameter",
      "Id": "ParamAngleY1",
      "Segments": [
        0.0,
        0.0,
        0.0,
        2.033,
        0.0
      ],
      "FadeInTime": 0.0,
      "FadeOutTime": 0.0
    },
    {
      "Target": "Parameter",
      "Id": "ParamEyeROpen",
      "Segments": [
        0.0,
        1.0,
        0.0,
        2.033,
        1.0
      ],
      "FadeInTime": 0.0,
      "FadeOutTime": 0.0
    },
    {
      "Target": "Parameter",
      "Id": "ParamEyeLOpen",
      "Segments": [
        0.0,
        1.0,
        0.0,
        2.033,
        1.0
      ],
      "FadeInTime": 0.0,
      "FadeOutTime": 0.0
    },
    {
      "Target": "Parameter",
      "Id": "ParamBrowLForm",
      "Segments": [
        0.0,
        0.0,
        0.0,
        2.033,
        0.0
      ],
      "FadeInTime": 0.0,
      "FadeOutTime": 0.0
    },
    {
      "Target": "Parameter",
      "Id": "ParamBrowRForm",
      "Segments": [
        0.0,
        0.0,
        0.0,
        2.033,
        0.0
      ],
      "FadeInTime": 0.0,
      "FadeOutTime": 0.0
    },
    {
      "Target": "Parameter",
      "Id": "ParamHairSide",
      "Segments": [
        0.0,
        0.0,
        0.0,
        2.033,
        0.0
      ],
      "FadeInTime": 0.0,
      "FadeOutTime": 0.0
    },
    {
      "Target": "Parameter",
      "Id": "ParamHairFront",
      "Segments": [
        0.0,
        0.0,
        0.0,
        2.033,
        0.0
      ],
      "FadeInTime": 0.0,
      "FadeOutTime": 0.0
    }
  ]
}