{
	"Version": 3,
	"Meta": {
		"Duration": 1.867,
		"Fps": 30.0,
		"Loop": true,
		"AreBeziersRestricted": true,
		"CurveCount": 13,
		"TotalSegmentCount": 30,
		"TotalPointCount": 101,
		"UserDataCount": 0,
		"TotalUserDataSize": 0
	},
	"Curves": [
		{
			"Target": "Parameter",
			"Id": "Param11",
			"Segments": [
				0,
				1,
				1,
				0.556,
				1,
				1.111,
				1,
				1.667,
				1,
				1,
				1.733,
				1,
				1.8,
				0,
				1.867,
				0
			]
		},
		{
			"Target": "Parameter",
			"Id": "ParamBrowLAngle",
			"Segments": [
				0,
				-0.7,
				1,
				0.556,
				-0.7,
				1.111,
				-0.7,
				1.667,
				-0.7,
				1,
				1.733,
				-0.7,
				1.8,
				0,
				1.867,
				0
			]
		},
		{
			"Target": "Parameter",
			"Id": "ParamBrowRAngle",
			"Segments": [
				0,
				-0.7,
				1,
				0.556,
				-0.7,
				1.111,
				-0.7,
				1.667,
				-0.7,
				1,
				1.733,
				-0.7,
				1.8,
				0,
				1.867,
				0
			]
		},
		{
			"Target": "Parameter",
			"Id": "ParamMouthForm",
			"Segments": [
				0,
				-1,
				1,
				0.556,
				-1,
				1.111,
				-1,
				1.667,
				-1,
				1,
				1.733,
				-1,
				1.8,
				0,
				1.867,
				0
			]
		},
		{
			"Target": "Parameter",
			"Id": "ParamBodyAngleY",
			"Segments": [
				0,
				0,
				1,
				0.311,
				0,
				0.622,
				-10,
				0.933,
				-10,
				1,
				1.044,
				-10,
				1.156,
				-10.216,
				1.267,
				-9,
				1,
				1.4,
				-7.54,
				1.533,
				0,
				1.667,
				0,
				0,
				1.867,
				0
			]
		},
		{
			"Target": "Parameter",
			"Id": "ParamBreath",
			"Segments": [
				0,
				1,
				1,
				0.3,
				1,
				0.6,
				0,
				0.9,
				0,
				1,
				1.222,
				0,
				1.544,
				1,
				1.867,
				1
			]
		},
		{
			"Target": "Parameter",
			"Id": "Param6",
			"Segments": [
				0,
				0,
				1,
				0.311,
				0,
				0.622,
				30,
				0.933,
				30,
				1,
				1.244,
				30,
				1.556,
				0,
				1.867,
				0
			]
		},
		{
			"Target": "Parameter",
			"Id": "Param7",
			"Segments": [
				0,
				0,
				1,
				0.311,
				0,
				0.622,
				0,
				0.933,
				0,
				1,
				1.244,
				0,
				1.556,
				0,
				1.867,
				0
			]
		},
		{
			"Target": "Parameter",
			"Id": "Param8",
			"Segments": [
				0,
				0,
				1,
				0.311,
				0,
				0.622,
				20,
				0.933,
				20,
				1,
				1.244,
				20,
				1.556,
				0,
				1.867,
				0
			]
		},
		{
			"Target": "Parameter",
			"Id": "Param3",
			"Segments": [
				0,
				0,
				1,
				0.267,
				0,
				0.533,
				-1,
				0.8,
				-1,
				1,
				1.078,
				-1,
				1.356,
				-1,
				1.633,
				-1,
				1,
				1.711,
				-1,
				1.789,
				0,
				1.867,
				0
			]
		},
		{
			"Target": "Parameter",
			"Id": "ParamHairBack",
			"Segments": [
				0,
				0,
				1,
				0.3,
				0,
				0.6,
				0.2,
				0.9,
				0.2,
				1,
				1.033,
				0.2,
				1.167,
				-0.1,
				1.3,
				-0.1,
				1,
				1.489,
				-0.1,
				1.678,
				0,
				1.867,
				0
			]
		},
		{
			"Target": "Parameter",
			"Id": "ParamHairSide",
			"Segments": [
				0,
				0,
				1,
				0.3,
				0,
				0.6,
				-0.4,
				0.9,
				-0.4,
				1,
				1.222,
				-0.4,
				1.544,
				0,
				1.867,
				0
			]
		},
		{
			"Target": "Parameter",
			"Id": "ParamHairFront",
			"Segments": [
				0,
				0,
				1,
				0.3,
				0,
				0.6,
				-0.2,
				0.9,
				-0.2,
				1,
				1.222,
				-0.2,
				1.544,
				0,
				1.867,
				0
			]
		}
	]
}