{
  "Version": 3,
  "Meta": {
    "Duration": 2.833,
    "Fps": 30.0,
    "Loop": true,
    "CurveCount": 17,
    "TotalSegmentCount": 51,
    "TotalPointCount": 164,
    "AreBeziersRestricted": true,
    "UserDataCount": 0,
    "TotalUserDataSize": 0,
    "FadeInTime": -1.0,
    "FadeOutTime": -1.0
  },
  "Curves": [
    {
      "Target": "Model",
      "Id": "EyeBlink",
      "Segments": [
        0.0,
        1.0,
        0.0,
        1.133,
        1.0,
        1.0,
        1.167,
        1.0,
        1.2,
        0.0,
        1.233,
        0.0,
        1.0,
        1.267,
        0.0,
        1.3,
        1.0,
        1.333,
        1.0,
        0.0,
        2.833,
        1.0
      ],
      "FadeInTime": -1.0,
      "FadeOutTime": -1.0
    },
    {
      "Target": "Parameter",
      "Id": "ParamEyeLOpen",
      "Segments": [
        0.0,
        0.8,
        1.0,
        0.3,
        0.8,
        0.6,
        1.0,
        0.9,
        1.0,
        1.0,
        1.156,
        1.0,
        1.411,
        0.8,
        1.667,
        0.8,
        1.0,
        2.056,
        0.8,
        2.444,
        1.0,
        2.833,
        1.0
      ],
      "FadeInTime": -1.0,
      "FadeOutTime": -1.0
    },
    {
      "Target": "Parameter",
      "Id": "ParamEyeROpen",
      "Segments": [
        0.0,
        0.8,
        1.0,
        0.3,
        0.8,
        0.6,
        1.0,
        0.9,
        1.0,
        1.0,
        1.156,
        1.0,
        1.411,
        0.8,
        1.667,
        0.8,
        1.0,
        2.056,
        0.8,
        2.444,
        1.0,
        2.833,
        1.0
      ],
      "FadeInTime": -1.0,
      "FadeOutTime": -1.0
    },
    {
      "Target": "Parameter",
      "Id": "ParamAngleX1",
      "Segments": [
        0.0,
        0.0,
        1.0,
        0.444,
        0.0,
        0.889,
        8.0,
        1.333,
        8.0,
        1.0,
        1.833,
        8.0,
        2.333,
        0.0,
        2.833,
        0.0
      ],
      "FadeInTime": -1.0,
      "FadeOutTime": -1.0
    },
    {
      "Target": "Parameter",
      "Id": "ParamBrowLForm",
      "Segments": [
        0.0,
        -1.0,
        1.0,
        0.867,
        -1.0,
        1.733,
        -1.0,
        2.6,
        -1.0,
        1.0,
        2.678,
        -1.0,
        2.756,
        0.0,
        2.833,
        0.0
      ],
      "FadeInTime": -1.0,
      "FadeOutTime": -1.0
    },
    {
      "Target": "Parameter",
      "Id": "ParamBrowRForm",
      "Segments": [
        0.0,
        -1.0,
        1.0,
        0.867,
        -1.0,
        1.733,
        -1.0,
        2.6,
        -1.0,
        1.0,
        2.678,
        -1.0,
        2.756,
        0.0,
        2.833,
        0.0
      ],
      "FadeInTime": -1.0,
      "FadeOutTime": -1.0
    },
    {
      "Target": "Parameter",
      "Id": "ParamMouthForm",
      "Segments": [
        0.0,
        -1.0,
        1.0,
        0.378,
        -1.0,
        0.756,
        -0.2,
        1.133,
        -0.2,
        1.0,
        1.622,
        -0.2,
        2.111,
        -0.9,
        2.6,
        -0.9,
        1.0,
        2.678,
        -0.9,
        2.756,
        0.0,
        2.833,
        0.0
      ],
      "FadeInTime": -1.0,
      "FadeOutTime": -1.0
    },
    {
      "Target": "Parameter",
      "Id": "ParamMouthOpenY",
      "Segments": [
        0.0,
        0.0,
        1.0,
        0.1,
        0.0,
        0.2,
        0.4,
        0.3,
        0.4,
        1.0,
        0.467,
        0.4,
        0.633,
        0.323,
        0.8,
        0.3,
        1.0,
        1.122,
        0.255,
        1.444,
        0.254,
        1.767,
        0.2,
        1.0,
        2.122,
        0.141,
        2.478,
        0.0,
        2.833,
        0.0
      ],
      "FadeInTime": -1.0,
      "FadeOutTime": -1.0
    },
    {
      "Target": "Parameter",
      "Id": "ParamBodyAngleY",
      "Segments": [
        0.0,
        0.0,
        1.0,
        0.4,
        0.0,
        0.8,
        -10.0,
        1.2,
        -10.0,
        1.0,
        1.622,
        -10.0,
        2.044,
        0.0,
        2.467,
        0.0,
        0.0,
        2.833,
        0.0
      ],
      "FadeInTime": -1.0,
      "FadeOutTime": -1.0
    },
    {
      "Target": "Parameter",
      "Id": "ParamBreath",
      "Segments": [
        0.0,
        0.0,
        1.0,
        0.456,
        0.0,
        0.911,
        1.0,
        1.367,
        1.0,
        1.0,
        1.856,
        1.0,
        2.344,
        0.0,
        2.833,
        0.0
      ],
      "FadeInTime": -1.0,
      "FadeOutTime": -1.0
    },
    {
      "Target": "Parameter",
      "Id": "Param6",
      "Segments": [
        0.0,
        25.0,
        1.0,
        0.833,
        25.0,
        1.667,
        21.536,
        2.5,
        12.0,
        1.0,
        2.611,
        10.729,
        2.722,
        0.0,
        2.833,
        0.0
      ],
      "FadeInTime": -1.0,
      "FadeOutTime": -1.0
    },
    {
      "Target": "Parameter",
      "Id": "Param7",
      "Segments": [
        0.0,
        0.0,
        1.0,
        0.122,
        0.0,
        0.244,
        17.0,
        0.367,
        17.0,
        1.0,
        0.511,
        17.0,
        0.656,
        0.0,
        0.8,
        0.0,
        1.0,
        0.889,
        0.0,
        0.978,
        14.0,
        1.067,
        14.0,
        1.0,
        1.178,
        14.0,
        1.289,
        0.0,
        1.4,
        0.0,
        1.0,
        1.533,
        0.0,
        1.667,
        13.0,
        1.8,
        13.0,
        1.0,
        1.911,
        13.0,
        2.022,
        0.0,
        2.133,
        0.0,
        1.0,
        2.256,
        0.0,
        2.378,
        14.0,
        2.5,
        14.0,
        1.0,
        2.611,
        14.0,
        2.722,
        0.0,
        2.833,
        0.0
      ],
      "FadeInTime": -1.0,
      "FadeOutTime": -1.0
    },
    {
      "Target": "Parameter",
      "Id": "Param8",
      "Segments": [
        0.0,
        0.0,
        1.0,
        0.244,
        0.0,
        0.489,
        5.0,
        0.733,
        5.0,
        1.0,
        1.133,
        5.0,
        1.533,
        4.302,
        1.933,
        3.0,
        1.0,
        2.044,
        2.638,
        2.156,
        2.502,
        2.267,
        2.0,
        1.0,
        2.344,
        1.649,
        2.422,
        0.0,
        2.5,
        0.0,
        1.0,
        2.611,
        0.0,
        2.722,
        0.0,
        2.833,
        0.0
      ],
      "FadeInTime": -1.0,
      "FadeOutTime": -1.0
    },
    {
      "Target": "Parameter",
      "Id": "Param3",
      "Segments": [
        0.0,
        0.0,
        1.0,
        0.489,
        0.0,
        0.978,
        0.5,
        1.467,
        0.5,
        1.0,
        1.922,
        0.5,
        2.378,
        0.0,
        2.833,
        0.0
      ],
      "FadeInTime": -1.0,
      "FadeOutTime": -1.0
    },
    {
      "Target": "Parameter",
      "Id": "ParamHairBack",
      "Segments": [
        0.0,
        0.0,
        1.0,
        0.456,
        0.0,
        0.911,
        -0.2,
        1.367,
        -0.2,
        1.0,
        1.856,
        -0.2,
        2.344,
        0.0,
        2.833,
        0.0
      ],
      "FadeInTime": -1.0,
      "FadeOutTime": -1.0
    },
    {
      "Target": "Parameter",
      "Id": "ParamHairSide",
      "Segments": [
        0.0,
        0.0,
        1.0,
        0.411,
        0.0,
        0.822,
        -0.3,
        1.233,
        -0.3,
        1.0,
        1.767,
        -0.3,
        2.3,
        0.0,
        2.833,
        0.0
      ],
      "FadeInTime": -1.0,
      "FadeOutTime": -1.0
    },
    {
      "Target": "Parameter",
      "Id": "ParamHairFront",
      "Segments": [
        0.0,
        0.0,
        1.0,
        0.444,
        0.0,
        0.889,
        -0.2,
        1.333,
        -0.2,
        1.0,
        1.833,
        -0.2,
        2.333,
        0.0,
        2.833,
        0.0
      ],
      "FadeInTime": -1.0,
      "FadeOutTime": -1.0
    },
    {
      "Target": "Parameter",
      "Id": "Param2",
      "Segments": [
        0.0,
        0.0,
        0.0,
        2.833,
        0.0
      ],
      "FadeInTime": 0.0,
      "FadeOutTime": 0.0
    },
    {
      "Target": "Parameter",
      "Id": "ParamEyeBallX",
      "Segments": [
        0.0,
        0.0,
        0.0,
        2.833,
        0.0
      ],
      "FadeInTime": 0.0,
      "FadeOutTime": 0.0
    },
    {
      "Target": "Parameter",
      "Id": "ParamEyeBallY",
      "Segments": [
        0.0,
        0.0,
        0.0,
        2.833,
        0.0
      ],
      "FadeInTime": 0.0,
      "FadeOutTime": 0.0
    },
    {
      "Target": "Parameter",
      "Id": "ParamBrowLAngle",
      "Segments": [
        0.0,
        0.0,
        0.0,
        2.833,
        0.0
      ],
      "FadeInTime": 0.0,
      "FadeOutTime": 0.0
    },
    {
      "Target": "Parameter",
      "Id": "ParamBrowRAngle",
      "Segments": [
        0.0,
        0.0,
        0.0,
        2.833,
        0.0
      ],
      "FadeInTime": 0.0,
      "FadeOutTime": 0.0
    },
    {
      "Target": "Parameter",
      "Id": "ParamBodyAngleX",
      "Segments": [
        0.0,
        0.0,
        0.0,
        2.833,
        0.0
      ],
      "FadeInTime": 0.0,
      "FadeOutTime": 0.0
    },
    {
      "Target": "Parameter",
      "Id": "ParamBodyAngleZ",
      "Segments": [
        0.0,
        0.0,
        0.0,
        2.833,
        0.0
      ],
      "FadeInTime": 0.0,
      "FadeOutTime": 0.0
    },
    {
      "Target": "Parameter",
      "Id": "ParamAngleZ",
      "Segments": [
        0.0,
        0.0,
        0.0,
        2.833,
        0.0
      ],
      "FadeInTime": 0.0,
      "FadeOutTime": 0.0
    },
    {
      "Target": "Parameter",
      "Id": "ParamAngleY1",
      "Segments": [
        0.0,
        0.0,
        0.0,
        2.833,
        0.0
      ],
      "FadeInTime": 0.0,
      "FadeOutTime": 0.0
    }
  ]
}